"ID","Name","RA","DEC","Type","Redshift","Host Name","Host Redshift","Source Group","Associated Group/s","Disc. Internal Name","TNS AT","Public","End Prop. Period","Discovery Mag","Discovery Mag Filter","Discovery Date (UT)","Sender"
"12439","AT 2016coh","19:04:31.32","+64:48:40.84","","","","","Pan-STARRS1","ATS, DAO_OTS, DES, GaiaAlerts, ISSP, KEGS, NUTS, OGLE, OOICLE, Padova-Asiago, Pan-STARRS1, RANSSP, SkyMapper, XOSS, XTSS","PS16coo","1","1","","20.05","i-Sloan","2016-05-24 13:06:46","Young"
"12440","AT 2016coi","21:59:04.14","+18:11:10.46","","","UGC 11868","0.003646","ASAS-SN","ASAS-SN, ATS, DAO_OTS, DES, GaiaAlerts, ISSP, KEGS, NUTS, OGLE, OOICLE, Padova-Asiago, Pan-STARRS1, RANSSP, SkyMapper, XOSS, XTSS","ASASSN-16fp","1","1","","15.7","V-Johnson","2016-05-27 12:57:36","Stanek"
"12441","SN 2016coj","12:08:06.80","+65:10:38.24","SN Ia","0.005","NGC4125","0.004483","LOSS","ATS, DAO_OTS, DES, GaiaAlerts, ISSP, KEGS, LOSS, NUTS, OGLE, OOICLE, Padova-Asiago, Pan-STARRS1, RANSSP, SkyMapper, XOSS, XTSS","KAIT-16X","1","1","","14.8","Clear-","2016-05-28 04:39:05","Zheng"
"12442","SN 2016cok","11:20:19.10","+12:58:56.01","SN IIP","0.002","M66","0.002425","ASAS-SN","ASAS-SN, ATS, DAO_OTS, DES, GaiaAlerts, ISSP, KEGS, NUTS, OGLE, OOICLE, Padova-Asiago, Pan-STARRS1, RANSSP, SkyMapper, XOSS, XTSS","ASASSN-16fq","1","1","","16.66","V-Johnson","2016-05-28 07:06:54","Dong"
"12443","SN 2016col","12:18:06.58","+29:28:04.29","SN Ia","0.18","","","iPTF","ATS, DAO_OTS, DES, GaiaAlerts, iPTF, ISSP, KEGS, NUTS, OGLE, OOICLE, Padova-Asiago, Pan-STARRS1, RANSSP, SkyMapper, XOSS, XTSS","iPTF16ark","1","1","","20.81","g-PTF","2016-05-11 04:48:00","iPTF_Bot1"
"12444","SN 2016com","12:52:47.91","+55:03:35.29","SN Ia","0.08","","","iPTF","ATS, DAO_OTS, DES, GaiaAlerts, iPTF, ISSP, KEGS, NUTS, OGLE, OOICLE, Padova-Asiago, Pan-STARRS1, RANSSP, SkyMapper, XOSS, XTSS","iPTF16ars","1","1","","19.72","g-PTF","2016-05-11 06:28:48","iPTF_Bot1"
"12445","SN 2016con","13:13:30.74","+43:31:46.36","SN Ia","0.04","","","iPTF","ATS, DAO_OTS, DES, GaiaAlerts, iPTF, ISSP, KEGS, NUTS, OGLE, OOICLE, Padova-Asiago, Pan-STARRS1, RANSSP, SkyMapper, XOSS, XTSS","iPTF16asx","1","1","","20.26","g-PTF","2016-05-12 07:12:00","iPTF_Bot1"
"12446","SN 2016coo","11:41:02.23","+35:29:30.89","SN Ia","0.05","","","iPTF","ATS, DAO_OTS, DES, GaiaAlerts, iPTF, ISSP, KEGS, NUTS, OGLE, OOICLE, Padova-Asiago, Pan-STARRS1, RANSSP, SkyMapper, XOSS, XTSS","iPTF16avw","1","1","","18.79","R-PTF","2016-05-19 04:48:00","iPTF_Bot1"
"12448","AT 2016coq","14:34:17.19","+29:13:46.12","","","","","Pan-STARRS1","ATS, DAO_OTS, DES, GaiaAlerts, ISSP, KEGS, NUTS, OGLE, OOICLE, Padova-Asiago, Pan-STARRS1, RANSSP, SkyMapper, XOSS, XTSS","PS16cop","1","1","","18.49","r-Sloan","2016-05-27 10:01:37","Young"
"12449","SN 2016cor","15:44:31.20","+16:18:12.80","SN Ia","0.049","SDSS J154431.47+161814.0","0.049","TNTS","ATS, DAO_OTS, DES, GaiaAlerts, ISSP, KEGS, NUTS, OGLE, OOICLE, Padova-Asiago, Pan-STARRS1, RANSSP, SkyMapper, TNTS, XOSS, XTSS","","1","1","","17.9","Clear-","2016-05-25 17:16:48","Li"
"12450","AT 2016cos","16:19:53.89","+52:32:46.63","","","","","ATLAS","ATLAS, ATS, DAO_OTS, DES, GaiaAlerts, ISSP, KEGS, NUTS, OGLE, OOICLE, Padova-Asiago, Pan-STARRS1, RANSSP, SkyMapper, XOSS, XTSS","ATLAS16ato","1","1","","18.01","cyan-ATLAS","2016-05-04 10:04:48","ATLAS_Bot1"
"12451","AT 2016cot","13:45:48.05","-10:56:37.37","","","","","ATLAS","ATLAS, ATS, DAO_OTS, DES, GaiaAlerts, ISSP, KEGS, NUTS, OGLE, OOICLE, Padova-Asiago, Pan-STARRS1, RANSSP, SkyMapper, XOSS, XTSS","ATLAS16aub","1","1","","19.18","cyan-ATLAS","2016-05-03 10:04:48","ATLAS_Bot1"
"12452","AT 2016cou","19:04:46.08","+48:45:06.55","","","","","ATLAS","ATLAS, ATS, DAO_OTS, DES, GaiaAlerts, ISSP, KEGS, NUTS, OGLE, OOICLE, Padova-Asiago, Pan-STARRS1, RANSSP, SkyMapper, XOSS, XTSS","ATLAS16atl","1","1","","16.42","cyan-ATLAS","2016-05-04 11:45:36","ATLAS_Bot1"
"12453","AT 2016cov","15:04:16.35","+20:27:02.87","","","","","Pan-STARRS1","ATS, DAO_OTS, DES, GaiaAlerts, ISSP, KEGS, NUTS, OGLE, OOICLE, Padova-Asiago, Pan-STARRS1, RANSSP, SkyMapper, XOSS, XTSS","PS16coq","1","1","","20.43","r-Sloan","2016-05-29 10:32:35","Young"
"12454","AT 2016cow","15:19:23.64","+18:11:28.68","","","","","Pan-STARRS1","ATS, DAO_OTS, DES, GaiaAlerts, ISSP, KEGS, NUTS, OGLE, OOICLE, Padova-Asiago, Pan-STARRS1, RANSSP, SkyMapper, XOSS, XTSS","PS16cor","1","1","","21.11","r-Sloan","2016-05-29 10:38:09","Young"
"12455","AT 2016cox","15:34:24.47","+20:08:40.93","","","","","Pan-STARRS1","ATS, DAO_OTS, DES, GaiaAlerts, ISSP, KEGS, NUTS, OGLE, OOICLE, Padova-Asiago, Pan-STARRS1, RANSSP, SkyMapper, XOSS, XTSS","PS16cos","1","1","","20.32","r-Sloan","2016-05-29 10:40:59","Young"
"12456","AT 2016coy","15:42:10.44","+21:26:27.40","","","","","Pan-STARRS1","ATS, DAO_OTS, DES, GaiaAlerts, ISSP, KEGS, NUTS, OGLE, OOICLE, Padova-Asiago, Pan-STARRS1, RANSSP, SkyMapper, XOSS, XTSS","PS16cot","1","1","","20.51","r-Sloan","2016-05-29 10:40:59","Young"
"12457","AT 2016coz","15:52:05.20","+19:30:22.66","","","","","Pan-STARRS1","ATS, DAO_OTS, DES, GaiaAlerts, ISSP, KEGS, NUTS, OGLE, OOICLE, Padova-Asiago, Pan-STARRS1, RANSSP, SkyMapper, XOSS, XTSS","PS16cou","1","1","","20.75","r-Sloan","2016-05-29 10:44:45","Young"
"12458","AT 2016cpa","15:55:55.54","+24:29:51.76","","","","","Pan-STARRS1","ATS, DAO_OTS, DES, GaiaAlerts, ISSP, KEGS, NUTS, OGLE, OOICLE, Padova-Asiago, Pan-STARRS1, RANSSP, SkyMapper, XOSS, XTSS","PS16cov","1","1","","20.45","r-Sloan","2016-05-29 10:46:40","Young"
"12459","AT 2016cpb","16:51:46.56","+81:35:59.30","","","PGC 59179","0.0394","POSS","ATS, DAO_OTS, DES, GaiaAlerts, ISSP, KEGS, NUTS, OGLE, OOICLE, Padova-Asiago, Pan-STARRS1, POSS, RANSSP, SkyMapper, XOSS, XTSS","","1","1","","17.9","Clear-","2016-05-31 07:25:58","Puckett"
"12460","SN 2016cpc","17:13:24.21","+42:53:42.10","SN IIP","0.02473","UGC 10765","0.02473","POSS","ATS, DAO_OTS, DES, GaiaAlerts, ISSP, KEGS, NUTS, OGLE, OOICLE, Padova-Asiago, Pan-STARRS1, POSS, RANSSP, SkyMapper, XOSS, XTSS","","1","1","","19.2","Clear-","2016-05-31 09:44:35","Puckett"
"12461","AT 2016cpd","15:54:12.32","+14:36:23.10","","","","","Pan-STARRS1","ATS, DAO_OTS, DES, GaiaAlerts, ISSP, KEGS, NUTS, OGLE, OOICLE, Padova-Asiago, Pan-STARRS1, RANSSP, SkyMapper, XOSS, XTSS","PS16cow","1","1","","20.497","r-Sloan","2016-05-30 11:55:40","Young"
"12463","AT 2016cpe","09:28:05.19","-08:46:23.43","","","","","ATLAS","ATLAS, ATS, DAO_OTS, DES, GaiaAlerts, ISSP, KEGS, NUTS, OGLE, OOICLE, Padova-Asiago, Pan-STARRS1, RANSSP, SkyMapper, XOSS, XTSS","ATLAS16axt","1","1","","17.62","cyan-ATLAS","2016-05-30 06:00:00","ATLAS_Bot1"
"12464","AT 2016cpf","10:41:50.03","-18:34:16.55","","","","","ATLAS","ATLAS, ATS, DAO_OTS, DES, GaiaAlerts, ISSP, KEGS, NUTS, OGLE, OOICLE, Padova-Asiago, Pan-STARRS1, RANSSP, SkyMapper, XOSS, XTSS","ATLAS16ayr","1","1","","18.54","cyan-ATLAS","2016-05-30 06:14:24","ATLAS_Bot1"
"12465","AT 2016cpg","10:02:19.47","-03:12:39.74","","","","","ATLAS","ATLAS, ATS, DAO_OTS, DES, GaiaAlerts, ISSP, KEGS, NUTS, OGLE, OOICLE, Padova-Asiago, Pan-STARRS1, RANSSP, SkyMapper, XOSS, XTSS","ATLAS16ayg","1","1","","18.67","cyan-ATLAS","2016-05-29 06:14:24","ATLAS_Bot1"
"12466","AT 2016cph","21:16:24.20","-00:49:43.25","","","","","ATLAS","ATLAS, ATS, DAO_OTS, DES, GaiaAlerts, ISSP, KEGS, NUTS, OGLE, OOICLE, Padova-Asiago, Pan-STARRS1, RANSSP, SkyMapper, XOSS, XTSS","ATLAS16ays","1","1","","18.54","cyan-ATLAS","2016-05-30 13:55:12","ATLAS_Bot1"
"12467","AT 2016cpi","20:39:14.25","-05:52:30.93","","","","","ATLAS","ATLAS, ATS, DAO_OTS, DES, GaiaAlerts, ISSP, KEGS, NUTS, OGLE, OOICLE, Padova-Asiago, Pan-STARRS1, RANSSP, SkyMapper, XOSS, XTSS","ATLAS16ayo","1","1","","18.57","cyan-ATLAS","2016-05-30 13:40:47","ATLAS_Bot1"
"12468","AT 2016cpj","16:39:26.81","+11:12:22.08","","","","","Pan-STARRS1","ATS, DAO_OTS, DES, GaiaAlerts, ISSP, KEGS, NUTS, OGLE, OOICLE, Padova-Asiago, Pan-STARRS1, RANSSP, SkyMapper, XOSS, XTSS","PS16cox","1","1","","20.57","r-Sloan","2016-05-30 11:48:29","Young"
"12469","AT 2016cpk","16:13:31.54","+11:46:28.76","","","","","Pan-STARRS1","ATS, DAO_OTS, DES, GaiaAlerts, ISSP, KEGS, NUTS, OGLE, OOICLE, Padova-Asiago, Pan-STARRS1, RANSSP, SkyMapper, XOSS, XTSS","PS16coy","1","1","","20.54","r-Sloan","2016-05-30 11:41:39","Young"
"12470","AT 2016cpl","09:51:54.81","-14:36:03.69","","","","","ATLAS","ATLAS, ATS, DAO_OTS, DES, GaiaAlerts, ISSP, KEGS, NUTS, OGLE, OOICLE, Padova-Asiago, Pan-STARRS1, RANSSP, SkyMapper, XOSS, XTSS","ATLAS16ayw","1","1","","17.78","orange-ATLAS","2016-05-18 05:45:36","ATLAS_Bot1"
"12471","AT 2016cpm","16:02:00.42","+35:03:30.70","","","","","Pan-STARRS1","ATS, DAO_OTS, DES, GaiaAlerts, ISSP, KEGS, NUTS, OGLE, OOICLE, Padova-Asiago, Pan-STARRS1, RANSSP, SkyMapper, XOSS, XTSS","PS16coz","1","1","","19.92","r-Sloan","2016-05-27 08:47:29","Young"
"12472","AT 2016cpn","16:54:37.35","+38:31:24.61","","","","","Pan-STARRS1","ATS, DAO_OTS, DES, GaiaAlerts, ISSP, KEGS, NUTS, OGLE, OOICLE, Padova-Asiago, Pan-STARRS1, RANSSP, SkyMapper, XOSS, XTSS","PS16cpa","1","1","","20.21","r-Sloan","2016-05-27 08:57:40","Young"
"12473","AT 2016cpo","14:16:45.35","+30:50:06.94","","","","","Pan-STARRS1","ATS, DAO_OTS, DES, GaiaAlerts, ISSP, KEGS, NUTS, OGLE, OOICLE, Padova-Asiago, Pan-STARRS1, RANSSP, SkyMapper, XOSS, XTSS","PS16cpb","1","1","","19.02","r-Sloan","2016-05-27 09:58:49","Young"
"12474","AT 2016cpp","14:24:18.26","+32:37:41.00","","","","","Pan-STARRS1","ATS, DAO_OTS, DES, GaiaAlerts, ISSP, KEGS, NUTS, OGLE, OOICLE, Padova-Asiago, Pan-STARRS1, RANSSP, SkyMapper, XOSS, XTSS","PS16cpc","1","1","","20.2","r-Sloan","2016-05-27 10:02:33","Young"
"12475","AT 2016cpq","17:39:34.40","+80:06:20.73","","","","","Pan-STARRS1","ATS, DAO_OTS, DES, GaiaAlerts, ISSP, KEGS, NUTS, OGLE, OOICLE, Padova-Asiago, Pan-STARRS1, RANSSP, SkyMapper, XOSS, XTSS","PS16cpe","1","1","","19.64","r-Sloan","2016-05-27 12:14:24","Young"
"12476","AT 2016cpr","15:56:24.62","+13:39:08.94","","","","","Pan-STARRS1","ATS, DAO_OTS, DES, GaiaAlerts, ISSP, KEGS, NUTS, OGLE, OOICLE, Padova-Asiago, Pan-STARRS1, RANSSP, SkyMapper, XOSS, XTSS","PS16cpf","1","1","","21.1","r-Sloan","2016-05-30 11:37:39","Young"
"12477","AT 2016cps","16:29:49.80","+12:26:12.03","","","","","Pan-STARRS1","ATS, DAO_OTS, DES, GaiaAlerts, ISSP, KEGS, NUTS, OGLE, OOICLE, Padova-Asiago, Pan-STARRS1, RANSSP, SkyMapper, XOSS, XTSS","PS16cpg","1","1","","20.82","r-Sloan","2016-05-30 11:45:27","Young"
"12478","AT 2016cpt","12:57:49.09","-28:29:37.73","","","","","Pan-STARRS1","ATS, DAO_OTS, DES, GaiaAlerts, ISSP, KEGS, NUTS, OGLE, OOICLE, Padova-Asiago, Pan-STARRS1, RANSSP, SkyMapper, XOSS, XTSS","PS16cph","1","1","","17.95","w-PS1","2016-06-01 06:42:10","Young"
"12479","AT 2016cpu","13:01:01.35","-01:12:38.12","","","","","ATLAS","ATLAS, ATS, DAO_OTS, DES, GaiaAlerts, ISSP, KEGS, NUTS, OGLE, OOICLE, Padova-Asiago, Pan-STARRS1, RANSSP, SkyMapper, XOSS, XTSS","ATLAS16bac","1","1","","19.11","cyan-ATLAS","2016-05-30 07:55:12","ATLAS_Bot1"
"12480","AT 2016cpv","10:02:12.55","-03:10:44.43","","","","","ATLAS","ATLAS, ATS, DAO_OTS, DES, GaiaAlerts, ISSP, KEGS, NUTS, OGLE, OOICLE, Padova-Asiago, Pan-STARRS1, RANSSP, SkyMapper, XOSS, XTSS","ATLAS16azy","1","1","","18.79","cyan-ATLAS","2016-05-30 06:14:24","ATLAS_Bot1"
"12481","SN 2016cpw","21:41:24.44","-14:04:35.96","SN Ia","0.0604","","","ATLAS","ATLAS, ATS, DAO_OTS, DES, GaiaAlerts, ISSP, KEGS, NUTS, OGLE, OOICLE, Padova-Asiago, Pan-STARRS1, RANSSP, SkyMapper, XOSS, XTSS","ATLAS16azu","1","1","","17.78","cyan-ATLAS","2016-05-30 14:24:00","ATLAS_Bot1"
"12482","AT 2016cpx","21:53:23.36","-68:57:11.30","","","IC5138","","BOSS","ATS, BOSS, DAO_OTS, DES, GaiaAlerts, ISSP, KEGS, NUTS, OGLE, OOICLE, Padova-Asiago, Pan-STARRS1, PESSTO, RANSSP, SkyMapper, XOSS, XTSS","","1","1","","17.9","Other-","2016-06-02 15:55:41","Parker"
"12483","SN 2016cpy","14:47:06.55","+11:35:41.64","SN Ia","0.029","UGC 09523","0.029","ASAS-SN","ASAS-SN, ATS, CRTS, DAO_OTS, DES, GaiaAlerts, ISSP, KEGS, NUTS, OGLE, OOICLE, Padova-Asiago, Pan-STARRS1, RANSSP, SkyMapper, SNHunt, XOSS, XTSS","ASASSN-16fs","1","1","","16.8","V-Johnson","2016-06-03 10:04:48","Stanek"
"12484","AT 2016cpz","16:12:15.55","+40:36:41.55","","","","","Pan-STARRS1","ATS, DAO_OTS, DES, GaiaAlerts, ISSP, KEGS, NUTS, OGLE, OOICLE, Padova-Asiago, Pan-STARRS1, RANSSP, SkyMapper, XOSS, XTSS","PS16cpi","1","1","","20.22","r-Sloan","2016-05-27 08:50:15","Young"
"12485","AT 2016cqa","14:03:27.88","+26:17:38.93","","","","","Pan-STARRS1","ATS, DAO_OTS, DES, GaiaAlerts, ISSP, KEGS, NUTS, OGLE, OOICLE, Padova-Asiago, Pan-STARRS1, RANSSP, SkyMapper, XOSS, XTSS","PS16cpj","1","1","","19.6","r-Sloan","2016-05-27 09:55:06","Young"
"12486","AT 2016cqb","14:10:44.84","+29:34:58.51","","","","","Pan-STARRS1","ATS, DAO_OTS, DES, GaiaAlerts, ISSP, KEGS, NUTS, OGLE, OOICLE, Padova-Asiago, Pan-STARRS1, RANSSP, SkyMapper, XOSS, XTSS","PS16cpk","1","1","","20.02","r-Sloan","2016-05-27 09:56:58","Young"
"12487","AT 2016cqc","14:10:58.68","+27:37:21.29","","","","","Pan-STARRS1","ATS, DAO_OTS, DES, GaiaAlerts, ISSP, KEGS, NUTS, OGLE, OOICLE, Padova-Asiago, Pan-STARRS1, RANSSP, SkyMapper, XOSS, XTSS","PS16cpl","1","1","","20.85","r-Sloan","2016-05-27 09:56:02","Young"
"12488","AT 2016cqd","17:24:44.64","+64:11:32.19","","","","","Pan-STARRS1","ATS, DAO_OTS, DES, GaiaAlerts, ISSP, KEGS, NUTS, OGLE, OOICLE, Padova-Asiago, Pan-STARRS1, RANSSP, SkyMapper, XOSS, XTSS","PS16cpm","1","1","","19.89","r-Sloan","2016-05-27 12:29:17","Young"
"12489","AT 2016cqe","18:34:38.40","+29:12:29.91","","","","","Pan-STARRS1","ATS, DAO_OTS, DES, GaiaAlerts, ISSP, KEGS, NUTS, OGLE, OOICLE, Padova-Asiago, Pan-STARRS1, RANSSP, SkyMapper, XOSS, XTSS","PS16cpn","1","1","","19.07","r-Sloan","2016-05-27 13:49:11","Young"
"12490","AT 2016cqf","16:53:36.40","+13:17:29.69","","","","","Pan-STARRS1","ATS, DAO_OTS, DES, GaiaAlerts, ISSP, KEGS, NUTS, OGLE, OOICLE, Padova-Asiago, Pan-STARRS1, RANSSP, SkyMapper, XOSS, XTSS","PS16cpo","1","1","","18.56","r-Sloan","2016-05-30 11:50:24","Young"
"12491","AT 2016cqg","20:16:20.72","-25:07:58.61","","","","","Pan-STARRS1","ATS, DAO_OTS, DES, GaiaAlerts, ISSP, KEGS, NUTS, OGLE, OOICLE, Padova-Asiago, Pan-STARRS1, RANSSP, SkyMapper, XOSS, XTSS","PS16cpp","1","1","","21.17","w-PS1","2016-06-01 14:08:22","Young"
"12492","AT 2016cqh","20:25:41.69","-26:42:23.50","","","","","Pan-STARRS1","ATS, DAO_OTS, DES, GaiaAlerts, ISSP, KEGS, NUTS, OGLE, OOICLE, Padova-Asiago, Pan-STARRS1, RANSSP, SkyMapper, XOSS, XTSS","PS16cpq","1","1","","20.49","w-PS1","2016-06-01 14:08:22","Young"
"12494","SN 2016cqj","23:56:13.74","-00:32:28.44","SN II","0.022","CGCG 382-005","0.022215","ASAS-SN","ASAS-SN, ATS, DAO_OTS, DES, GaiaAlerts, ISSP, KEGS, NUTS, OGLE, OOICLE, Padova-Asiago, Pan-STARRS1, RANSSP, SkyMapper, XOSS, XTSS","ASASSN-16ft","1","1","","18","V-Johnson","2016-06-05 13:55:12","Brown"
"12495","AT 2016cqk","02:38:54.68","-14:18:16.80","","","IC245","0.015204","BOSS","ATS, BOSS, DAO_OTS, DES, GaiaAlerts, ISSP, KEGS, NUTS, OGLE, OOICLE, Padova-Asiago, Pan-STARRS1, PESSTO, RANSSP, SkyMapper, XOSS, XTSS","","1","1","","15.8","Other-","2016-06-04 17:54:37","Parker"
"12496","AT 2016cql","14:58:20.09","+25:54:07.97","","","","","Pan-STARRS1","ATS, DAO_OTS, DES, GaiaAlerts, ISSP, KEGS, NUTS, OGLE, OOICLE, Padova-Asiago, Pan-STARRS1, RANSSP, SkyMapper, XOSS, XTSS","PS16cps","1","1","","19.41","r-Sloan","2016-05-27 10:06:39","Young"
"12497","AT 2016cqm","18:35:43.99","+32:18:45.90","","","","","Pan-STARRS1","ATS, DAO_OTS, DES, GaiaAlerts, ISSP, KEGS, NUTS, OGLE, OOICLE, Padova-Asiago, Pan-STARRS1, RANSSP, SkyMapper, XOSS, XTSS","PS16cpt","1","1","","19.21","r-Sloan","2016-05-27 13:48:15","Young"
"12498","AT 2016cqn","16:36:12.38","-14:15:18.59","","","","","Pan-STARRS1","ATS, DAO_OTS, DES, GaiaAlerts, ISSP, KEGS, NUTS, OGLE, OOICLE, Padova-Asiago, Pan-STARRS1, RANSSP, SkyMapper, XOSS, XTSS","PS16cpu","1","1","","19.53","r-Sloan","2016-05-30 10:42:54","Young"
"12499","AT 2016cqo","16:48:25.68","+14:24:11.94","","","","","Pan-STARRS1","ATS, DAO_OTS, DES, GaiaAlerts, ISSP, KEGS, NUTS, OGLE, OOICLE, Padova-Asiago, Pan-STARRS1, RANSSP, SkyMapper, XOSS, XTSS","PS16cpv","1","1","","18.46","r-Sloan","2016-05-30 11:50:24","Young"
"12500","AT 2016cqp","17:02:30.01","+10:35:31.08","","","","","Pan-STARRS1","ATS, DAO_OTS, DES, GaiaAlerts, ISSP, KEGS, NUTS, OGLE, OOICLE, Padova-Asiago, Pan-STARRS1, RANSSP, SkyMapper, XOSS, XTSS","PS16cpw","1","1","","18.74","r-Sloan","2016-05-30 11:52:21","Young"
"12501","AT 2016cqq","09:57:20.29","+11:11:35.90","","","","","Pan-STARRS1","ATS, DAO_OTS, DES, GaiaAlerts, ISSP, KEGS, NUTS, OGLE, OOICLE, Padova-Asiago, Pan-STARRS1, RANSSP, SkyMapper, XOSS, XTSS","PS16cpx","1","1","","18.11","y-PS1","2016-06-03 05:52:39","Young"
"12502","AT 2016cqr","11:58:46.14","+21:00:15.24","","","","","Pan-STARRS1","ATS, DAO_OTS, DES, GaiaAlerts, ISSP, KEGS, NUTS, OGLE, OOICLE, Padova-Asiago, Pan-STARRS1, RANSSP, SkyMapper, XOSS, XTSS","PS16cpy","1","1","","20.88","w-PS1","2016-06-04 07:12:01","Young"
"12503","AT 2016cqs","12:04:22.59","+19:45:23.41","","","","","Pan-STARRS1","ATS, DAO_OTS, DES, GaiaAlerts, ISSP, KEGS, NUTS, OGLE, OOICLE, Padova-Asiago, Pan-STARRS1, RANSSP, SkyMapper, XOSS, XTSS","PS16cpz","1","1","","21.04","w-PS1","2016-06-04 07:18:14","Young"
"12504","AT 2016cqt","15:39:07.01","+09:17:40.51","","","","","Pan-STARRS1","ATS, DAO_OTS, DES, GaiaAlerts, ISSP, KEGS, NUTS, OGLE, OOICLE, Padova-Asiago, Pan-STARRS1, RANSSP, SkyMapper, XOSS, XTSS","PS16cqa","1","1","","18.82","w-PS1","2016-06-03 07:29:39","Young"
"12505","AT 2016cqu","21:04:12.61","-25:03:28.63","","","","","Pan-STARRS1","ATS, DAO_OTS, DES, GaiaAlerts, ISSP, KEGS, NUTS, OGLE, OOICLE, Padova-Asiago, Pan-STARRS1, RANSSP, SkyMapper, XOSS, XTSS","PS16cqb","1","1","","20.58","w-PS1","2016-06-02 13:40:20","Young"
"12506","AT 2016cqv","21:06:11.50","-25:10:40.05","","","","","Pan-STARRS1","ATS, DAO_OTS, DES, GaiaAlerts, ISSP, KEGS, NUTS, OGLE, OOICLE, Padova-Asiago, Pan-STARRS1, RANSSP, SkyMapper, XOSS, XTSS","PS16cqc","1","1","","20.65","w-PS1","2016-06-02 13:40:20","Young"
"12507","AT 2016cqw","21:06:20.19","-26:55:21.01","","","","","Pan-STARRS1","ATS, DAO_OTS, DES, GaiaAlerts, ISSP, KEGS, NUTS, OGLE, OOICLE, Padova-Asiago, Pan-STARRS1, RANSSP, SkyMapper, XOSS, XTSS","PS16cqd","1","1","","20.91","w-PS1","2016-06-02 13:39:24","Young"
"12508","AT 2016cqx","21:46:45.03","-26:59:39.30","","","","","Pan-STARRS1","ATS, DAO_OTS, DES, GaiaAlerts, ISSP, KEGS, NUTS, OGLE, OOICLE, Padova-Asiago, Pan-STARRS1, RANSSP, SkyMapper, XOSS, XTSS","PS16cqe","1","1","","20.95","w-PS1","2016-06-02 14:01:41","Young"
"12509","AT 2016cqy","21:54:34.40","+09:07:25.27","","","","","Pan-STARRS1","ATS, DAO_OTS, DES, GaiaAlerts, ISSP, KEGS, NUTS, OGLE, OOICLE, Padova-Asiago, Pan-STARRS1, RANSSP, SkyMapper, XOSS, XTSS","PS16cqf","1","1","","20.97","w-PS1","2016-06-03 12:48:58","Young"
"12510","AT 2016cqz","18:28:10.44","-71:41:38.81","","","IC 4705","0.011972","ASAS-SN","ASAS-SN, ATS, DAO_OTS, DES, GaiaAlerts, ISSP, KEGS, NUTS, OGLE, OOICLE, Padova-Asiago, Pan-STARRS1, RANSSP, SkyMapper, XOSS, XTSS","ASASSN-16fv","1","1","","15.6","V-Johnson","2016-06-06 06:43:12","Brown"
"12511","AT 2016cra","16:56:17.19","+41:23:18.61","","","","","Pan-STARRS1","ATS, DAO_OTS, DES, GaiaAlerts, ISSP, KEGS, NUTS, OGLE, OOICLE, Padova-Asiago, Pan-STARRS1, RANSSP, SkyMapper, XOSS, XTSS","PS16cqh","1","1","","19.96","r-Sloan","2016-05-27 09:00:28","Young"
"12512","AT 2016crb","17:35:55.58","+70:59:08.76","","","","","Pan-STARRS1","ATS, DAO_OTS, DES, GaiaAlerts, ISSP, KEGS, NUTS, OGLE, OOICLE, Padova-Asiago, Pan-STARRS1, RANSSP, SkyMapper, XOSS, XTSS","PS16cqi","1","1","","19.01","r-Sloan","2016-05-27 12:20:55","Young"
"12513","AT 2016crc","12:42:53.90","-26:18:54.53","","","","","Pan-STARRS1","ATS, DAO_OTS, DES, GaiaAlerts, ISSP, KEGS, NUTS, OGLE, OOICLE, Padova-Asiago, Pan-STARRS1, RANSSP, SkyMapper, XOSS, XTSS","PS16cqj","1","1","","20.49","w-PS1","2016-06-01 06:39:23","Young"
"12514","AT 2016crd","14:06:24.26","+01:47:41.90","","","","","Pan-STARRS1","ATS, DAO_OTS, DES, GaiaAlerts, ISSP, KEGS, NUTS, OGLE, OOICLE, Padova-Asiago, Pan-STARRS1, RANSSP, SkyMapper, XOSS, XTSS","PS16cqk","1","1","","20.55","w-PS1","2016-06-03 08:27:01","Young"
"12515","AT 2016cre","14:12:11.77","+02:55:16.69","","","","","Pan-STARRS1","ATS, DAO_OTS, DES, GaiaAlerts, ISSP, KEGS, NUTS, OGLE, OOICLE, Padova-Asiago, Pan-STARRS1, RANSSP, SkyMapper, XOSS, XTSS","PS16cql","1","1","","21.18","w-PS1","2016-06-03 08:40:46","Young"
"12516","AT 2016crf","14:13:22.35","-00:04:28.89","","","","","Pan-STARRS1","ATS, DAO_OTS, DES, GaiaAlerts, ISSP, KEGS, NUTS, OGLE, OOICLE, Padova-Asiago, Pan-STARRS1, RANSSP, SkyMapper, XOSS, XTSS","PS16cqm","1","1","","21.59","w-PS1","2016-06-03 08:41:42","Young"
"12517","AT 2016crg","14:22:35.04","+07:27:24.92","","","","","Pan-STARRS1","ATS, DAO_OTS, DES, GaiaAlerts, ISSP, KEGS, NUTS, OGLE, OOICLE, Padova-Asiago, Pan-STARRS1, RANSSP, SkyMapper, XOSS, XTSS","PS16cqn","1","1","","20.27","w-PS1","2016-06-03 08:31:01","Young"
"12518","AT 2016crh","14:24:41.57","+05:52:19.63","","","","","Pan-STARRS1","ATS, DAO_OTS, DES, GaiaAlerts, ISSP, KEGS, NUTS, OGLE, OOICLE, Padova-Asiago, Pan-STARRS1, RANSSP, SkyMapper, XOSS, XTSS","PS16cqo","1","1","","20.76","w-PS1","2016-06-03 08:30:05","Young"
"12519","AT 2016cri","14:36:38.78","+03:42:40.92","","","","","Pan-STARRS1","ATS, DAO_OTS, DES, GaiaAlerts, ISSP, KEGS, NUTS, OGLE, OOICLE, Padova-Asiago, Pan-STARRS1, RANSSP, SkyMapper, XOSS, XTSS","PS16cqp","1","1","","20.38","w-PS1","2016-06-03 08:32:54","Young"
"12520","AT 2016crj","14:53:22.14","+00:21:46.21","","","","","Pan-STARRS1","ATS, DAO_OTS, DES, GaiaAlerts, ISSP, KEGS, NUTS, OGLE, OOICLE, Padova-Asiago, Pan-STARRS1, RANSSP, SkyMapper, XOSS, XTSS","PS16cqr","1","1","","21.4","w-PS1","2016-06-03 08:37:51","Young"
"12521","AT 2016crk","15:15:16.34","-00:14:23.17","","","","","Pan-STARRS1","ATS, DAO_OTS, DES, GaiaAlerts, ISSP, KEGS, NUTS, OGLE, OOICLE, Padova-Asiago, Pan-STARRS1, RANSSP, SkyMapper, XOSS, XTSS","PS16cqs","1","1","","20.98","w-PS1","2016-06-04 09:46:15","Young"
"12522","AT 2016crl","15:33:56.44","+10:07:48.09","","","","","Pan-STARRS1","ATS, DAO_OTS, DES, GaiaAlerts, ISSP, KEGS, NUTS, OGLE, OOICLE, Padova-Asiago, Pan-STARRS1, RANSSP, SkyMapper, XOSS, XTSS","PS16cqt","1","1","","21.35","w-PS1","2016-06-03 07:28:39","Young"
"12523","AT 2016crm","16:47:49.14","+05:33:32.35","","","","","Pan-STARRS1","ATS, DAO_OTS, DES, GaiaAlerts, ISSP, KEGS, NUTS, OGLE, OOICLE, Padova-Asiago, Pan-STARRS1, RANSSP, SkyMapper, XOSS, XTSS","PS16cqu","1","1","","20.26","w-PS1","2016-06-03 11:23:30","Young"
"12524","AT 2016crn","12:26:29.84","-16:33:15.28","","","","","Pan-STARRS1","ATS, DAO_OTS, DES, GaiaAlerts, ISSP, KEGS, NUTS, OGLE, OOICLE, Padova-Asiago, Pan-STARRS1, RANSSP, SkyMapper, XOSS, XTSS","PS16cqv","1","1","","19.65","w-PS1","2016-06-05 06:27:36","Young"
"12525","AT 2016cro","12:27:44.57","-17:49:01.89","","","","","Pan-STARRS1","ATS, DAO_OTS, DES, GaiaAlerts, ISSP, KEGS, NUTS, OGLE, OOICLE, Padova-Asiago, Pan-STARRS1, RANSSP, SkyMapper, XOSS, XTSS","PS16cqw","1","1","","20.44","w-PS1","2016-06-05 06:27:36","Young"
"12526","AT 2016crp","12:29:06.69","-20:41:19.86","","","","","Pan-STARRS1","ATS, DAO_OTS, DES, GaiaAlerts, ISSP, KEGS, NUTS, OGLE, OOICLE, Padova-Asiago, Pan-STARRS1, RANSSP, SkyMapper, XOSS, XTSS","PS16cqx","1","1","","20.46","w-PS1","2016-06-05 06:28:32","Young"
"12527","AT 2016crq","12:31:55.16","-17:43:49.01","","","","","Pan-STARRS1","ATS, DAO_OTS, DES, GaiaAlerts, ISSP, KEGS, NUTS, OGLE, OOICLE, Padova-Asiago, Pan-STARRS1, RANSSP, SkyMapper, XOSS, XTSS","PS16cqy","1","1","","20.69","w-PS1","2016-06-05 06:32:15","Young"
"12528","AT 2016crr","12:41:02.66","-20:38:39.92","","","","","Pan-STARRS1","ATS, DAO_OTS, DES, GaiaAlerts, ISSP, KEGS, NUTS, OGLE, OOICLE, Padova-Asiago, Pan-STARRS1, RANSSP, SkyMapper, XOSS, XTSS","PS16cqz","1","1","","20.5","w-PS1","2016-06-05 06:31:20","Young"
"12529","AT 2016crs","12:48:25.71","-17:58:52.38","","","","","Pan-STARRS1","ATS, DAO_OTS, DES, GaiaAlerts, ISSP, KEGS, NUTS, OGLE, OOICLE, Padova-Asiago, Pan-STARRS1, RANSSP, SkyMapper, XOSS, XTSS","PS16cra","1","1","","20.5","w-PS1","2016-06-05 06:33:11","Young"
"12530","AT 2016crt","12:59:20.94","-21:51:57.70","","","","","Pan-STARRS1","ATS, DAO_OTS, DES, GaiaAlerts, ISSP, KEGS, NUTS, OGLE, OOICLE, Padova-Asiago, Pan-STARRS1, RANSSP, SkyMapper, XOSS, XTSS","PS16crb","1","1","","20.23","w-PS1","2016-06-05 06:36:54","Young"
"12531","AT 2016cru","15:37:01.29","-24:50:58.44","","","","","Pan-STARRS1","ATS, DAO_OTS, DES, GaiaAlerts, ISSP, KEGS, NUTS, OGLE, OOICLE, Padova-Asiago, Pan-STARRS1, RANSSP, SkyMapper, XOSS, XTSS","PS16crc","1","1","","19.81","w-PS1","2016-06-06 08:24:12","Young"
"12532","AT 2016crv","15:38:21.91","-26:20:30.33","","","","","Pan-STARRS1","ATS, DAO_OTS, DES, GaiaAlerts, ISSP, KEGS, NUTS, OGLE, OOICLE, Padova-Asiago, Pan-STARRS1, RANSSP, SkyMapper, XOSS, XTSS","PS16crd","1","1","","19.21","w-PS1","2016-06-06 08:22:20","Young"
"12533","AT 2016crw","15:59:29.80","+08:54:11.18","","","","","Pan-STARRS1","ATS, DAO_OTS, DES, GaiaAlerts, ISSP, KEGS, NUTS, OGLE, OOICLE, Padova-Asiago, Pan-STARRS1, RANSSP, SkyMapper, XOSS, XTSS","PS16cre","1","1","","19.47","w-PS1","2016-06-05 07:27:30","Young"
"12534","AT 2016crx","16:18:44.79","+08:17:09.71","","","","","Pan-STARRS1","ATS, DAO_OTS, DES, GaiaAlerts, ISSP, KEGS, NUTS, OGLE, OOICLE, Padova-Asiago, Pan-STARRS1, RANSSP, SkyMapper, XOSS, XTSS","PS16crf","1","1","","21.71","w-PS1","2016-06-05 07:33:12","Young"
"12535","AT 2016cry","21:26:16.95","+04:13:10.08","","","","","Pan-STARRS1","ATS, DAO_OTS, DES, GaiaAlerts, ISSP, KEGS, NUTS, OGLE, OOICLE, Padova-Asiago, Pan-STARRS1, RANSSP, SkyMapper, XOSS, XTSS","PS16crg","1","1","","20.99","w-PS1","2016-06-05 13:25:42","Young"
"12536","AT 2016crz","21:46:29.67","+04:15:00.02","","","","","Pan-STARRS1","ATS, DAO_OTS, DES, GaiaAlerts, ISSP, KEGS, NUTS, OGLE, OOICLE, Padova-Asiago, Pan-STARRS1, RANSSP, SkyMapper, XOSS, XTSS","PS16crh","1","1","","20.05","w-PS1","2016-06-05 13:32:32","Young"
"12537","AT 2016csa","21:49:35.81","+03:37:06.61","","","","","Pan-STARRS1","ATS, DAO_OTS, DES, GaiaAlerts, ISSP, KEGS, NUTS, OGLE, OOICLE, Padova-Asiago, Pan-STARRS1, RANSSP, SkyMapper, XOSS, XTSS","PS16cri","1","1","","21.24","w-PS1","2016-06-05 13:32:32","Young"
"12538","AT 2016csb","21:52:24.07","+01:22:43.38","","","","","Pan-STARRS1","ATS, DAO_OTS, DES, GaiaAlerts, ISSP, KEGS, NUTS, OGLE, OOICLE, Padova-Asiago, Pan-STARRS1, RANSSP, SkyMapper, XOSS, XTSS","PS16crj","1","1","","21.47","w-PS1","2016-06-05 13:33:27","Young"
"12539","AT 2016csc","22:01:17.67","+07:26:04.82","","","","","Pan-STARRS1","ATS, DAO_OTS, DES, GaiaAlerts, ISSP, KEGS, NUTS, OGLE, OOICLE, Padova-Asiago, Pan-STARRS1, RANSSP, SkyMapper, XOSS, XTSS","PS16crk","1","1","","20.92","w-PS1","2016-06-05 13:35:19","Young"
"12540","AT 2016csd","02:00:44.96","-46:16:49.04","","","GALEXASC J020044.56-461644.0","","ASAS-SN","ASAS-SN, ATS, DAO_OTS, DES, GaiaAlerts, ISSP, KEGS, NUTS, OGLE, OOICLE, Padova-Asiago, Pan-STARRS1, RANSSP, SkyMapper, XOSS, XTSS","ASASSN-16fx","1","1","","17.15","V-Johnson","2016-06-08 10:19:12","Stanek"
"12541","AT 2016cse","13:53:26.89","+69:37:53.51","","","","","ATLAS","ATLAS, ATS, DAO_OTS, DES, GaiaAlerts, ISSP, KEGS, NUTS, OGLE, OOICLE, Padova-Asiago, Pan-STARRS1, RANSSP, SkyMapper, XOSS, XTSS","ATLAS16bat","1","1","","17.69","cyan-ATLAS","2016-06-03 06:18:43","ATLAS_Bot1"
"12542","AT 2016csf","18:42:05.85","+25:12:00.34","","","","","ATLAS","ATLAS, ATS, DAO_OTS, DES, GaiaAlerts, ISSP, KEGS, NUTS, OGLE, OOICLE, Padova-Asiago, Pan-STARRS1, RANSSP, SkyMapper, XOSS, XTSS","ATLAS16bah","1","1","","17.65","cyan-ATLAS","2016-06-02 07:14:52","ATLAS_Bot1"
"12543","AT 2016csg","17:14:13.13","+41:33:42.49","","","","","ATLAS","ATLAS, ATS, DAO_OTS, DES, GaiaAlerts, ISSP, KEGS, NUTS, OGLE, OOICLE, Padova-Asiago, Pan-STARRS1, RANSSP, SkyMapper, XOSS, XTSS","ATLAS16bbx","1","1","","18.82","cyan-ATLAS","2016-06-02 10:03:21","ATLAS_Bot1"
"12544","AT 2016csh","15:16:32.81","+06:53:39.93","","","","","ATLAS","ATLAS, ATS, DAO_OTS, DES, GaiaAlerts, ISSP, KEGS, NUTS, OGLE, OOICLE, Padova-Asiago, Pan-STARRS1, RANSSP, SkyMapper, XOSS, XTSS","ATLAS16bar","1","1","","17.54","cyan-ATLAS","2016-05-29 09:43:12","ATLAS_Bot1"
"12545","AT 2016csi","16:33:49.47","+33:19:43.04","","","","","ATLAS","ATLAS, ATS, DAO_OTS, DES, GaiaAlerts, ISSP, KEGS, NUTS, OGLE, OOICLE, Padova-Asiago, Pan-STARRS1, RANSSP, SkyMapper, XOSS, XTSS","ATLAS16bcd","1","1","","18.67","cyan-ATLAS","2016-06-03 09:44:38","ATLAS_Bot1"
"12546","AT 2016csj","13:40:23.59","+25:08:50.84","","","","","ATLAS","ATLAS, ATS, DAO_OTS, DES, GaiaAlerts, ISSP, KEGS, NUTS, OGLE, OOICLE, Padova-Asiago, Pan-STARRS1, RANSSP, SkyMapper, XOSS, XTSS","ATLAS16bcg","1","1","","18.59","cyan-ATLAS","2016-06-03 08:16:47","ATLAS_Bot1"
"12547","AT 2016csk","17:09:30.32","+21:36:29.74","","","","","ATLAS","ATLAS, ATS, DAO_OTS, DES, GaiaAlerts, ISSP, KEGS, NUTS, OGLE, OOICLE, Padova-Asiago, Pan-STARRS1, RANSSP, SkyMapper, XOSS, XTSS","ATLAS16bcb","1","1","","18.61","cyan-ATLAS","2016-06-03 10:16:19","ATLAS_Bot1"
"12548","AT 2016csl","16:51:01.67","+24:48:48.51","","","","","ATLAS","ATLAS, ATS, DAO_OTS, DES, GaiaAlerts, ISSP, KEGS, NUTS, OGLE, OOICLE, Padova-Asiago, Pan-STARRS1, RANSSP, SkyMapper, XOSS, XTSS","ATLAS16bce","1","1","","18.91","cyan-ATLAS","2016-06-03 09:59:02","ATLAS_Bot1"
"12549","AT 2016csm","14:02:03.10","+46:13:34.20","Varstar","","ANON","","POSS","ATS, DAO_OTS, DES, GaiaAlerts, ISSP, KEGS, NUTS, OGLE, OOICLE, Padova-Asiago, Pan-STARRS1, POSS, RANSSP, SkyMapper, XOSS, XTSS","","1","1","","13.2","Clear-","2016-06-08 05:35:56","Puckett"
"12550","AT 2016csn","15:18:03.93","-27:31:40.25","","","","","Pan-STARRS1","ATS, DAO_OTS, DES, GaiaAlerts, ISSP, KEGS, NUTS, OGLE, OOICLE, Padova-Asiago, Pan-STARRS1, RANSSP, SkyMapper, XOSS, XTSS","PS16crl","1","1","","20.59","w-PS1","2016-06-06 08:17:41","Young"
"12551","AT 2016cso","16:30:09.67","-01:19:09.34","","","","","Pan-STARRS1","ATS, DAO_OTS, DES, GaiaAlerts, ISSP, KEGS, NUTS, OGLE, OOICLE, Padova-Asiago, Pan-STARRS1, RANSSP, SkyMapper, XOSS, XTSS","PS16crm","1","1","","21.88","w-PS1","2016-06-05 08:47:41","Young"
"12552","AT 2016csp","21:26:05.37","-01:15:36.42","","","","","Pan-STARRS1","ATS, DAO_OTS, DES, GaiaAlerts, ISSP, KEGS, NUTS, OGLE, OOICLE, Padova-Asiago, Pan-STARRS1, RANSSP, SkyMapper, XOSS, XTSS","PS16crn","1","1","","21.07","w-PS1","2016-06-07 12:23:24","Young"
"12553","AT 2016csq","21:27:20.05","-02:44:37.13","","","","","Pan-STARRS1","ATS, DAO_OTS, DES, GaiaAlerts, ISSP, KEGS, NUTS, OGLE, OOICLE, Padova-Asiago, Pan-STARRS1, RANSSP, SkyMapper, XOSS, XTSS","PS16cro","1","1","","20.53","w-PS1","2016-06-07 12:23:24","Young"
"12554","AT 2016csr","15:14:31.04","+06:41:14.28","","","","","ATLAS","ATLAS, ATS, DAO_OTS, DES, GaiaAlerts, ISSP, KEGS, NUTS, OGLE, OOICLE, Padova-Asiago, Pan-STARRS1, RANSSP, SkyMapper, XOSS, XTSS","ATLAS16bcm","1","1","","18.69","cyan-ATLAS","2016-06-04 09:40:19","ATLAS_Bot1"
"12555","AT 2016css","20:16:53.44","-36:59:42.00","","","ESO-400-G5","","BOSS","ATS, BOSS, DAO_OTS, DES, GaiaAlerts, ISSP, KEGS, NUTS, OGLE, OOICLE, Padova-Asiago, Pan-STARRS1, PESSTO, RANSSP, SkyMapper, XOSS, XTSS","","1","1","","17.8","Other-","2016-06-05 12:25:00","Parker"
"12556","AT 2016cst","15:36:44.92","+48:17:43.85","","","","","ATLAS","ATLAS, ATS, DAO_OTS, DES, GaiaAlerts, ISSP, KEGS, NUTS, OGLE, OOICLE, Padova-Asiago, Pan-STARRS1, RANSSP, SkyMapper, XOSS, XTSS","ATLAS16bem","1","1","","19","cyan-ATLAS","2016-06-02 10:09:07","ATLAS_Bot1"
"12557","AT 2016csu","13:40:31.72","+55:35:35.69","","","","","ATLAS","ATLAS, ATS, DAO_OTS, DES, GaiaAlerts, ISSP, KEGS, NUTS, OGLE, OOICLE, Padova-Asiago, Pan-STARRS1, RANSSP, SkyMapper, XOSS, XTSS","ATLAS16bek","1","1","","18.03","orange-ATLAS","2016-05-27 08:31:12","ATLAS_Bot1"
"12558","AT 2016csv","16:48:09.17","+46:05:24.18","","","","","ATLAS","ATLAS, ATS, DAO_OTS, DES, GaiaAlerts, ISSP, KEGS, NUTS, OGLE, OOICLE, Padova-Asiago, Pan-STARRS1, RANSSP, SkyMapper, XOSS, XTSS","ATLAS16bel","1","1","","18.42","cyan-ATLAS","2016-06-06 09:41:45","ATLAS_Bot1"
"12559","AT 2016csw","20:55:40.79","-10:31:19.77","","","","","Pan-STARRS1","ATS, DAO_OTS, DES, GaiaAlerts, ISSP, KEGS, NUTS, OGLE, OOICLE, Padova-Asiago, Pan-STARRS1, RANSSP, SkyMapper, XOSS, XTSS","PS16crq","1","1","","21.31","w-PS1","2016-06-08 12:55:30","Young"
"12560","AT 2016csx","14:15:19.91","+26:38:54.05","","","","","Pan-STARRS1","ATS, DAO_OTS, DES, GaiaAlerts, ISSP, KEGS, NUTS, OGLE, OOICLE, Padova-Asiago, Pan-STARRS1, RANSSP, SkyMapper, XOSS, XTSS","PS16crr","1","1","","19.94","r-Sloan","2016-06-10 09:20:43","Young"
"12561","AT 2016csy","14:27:25.52","+05:59:27.31","","","","","Pan-STARRS1","ATS, DAO_OTS, DES, GaiaAlerts, ISSP, KEGS, NUTS, OGLE, OOICLE, Padova-Asiago, Pan-STARRS1, RANSSP, SkyMapper, XOSS, XTSS","PS16crt","1","1","","21.44","w-PS1","2016-06-03 08:30:05","Young"
"12562","AT 2016csz","21:40:23.13","+03:13:19.63","","","","","Pan-STARRS1","ATS, DAO_OTS, DES, GaiaAlerts, ISSP, KEGS, NUTS, OGLE, OOICLE, Padova-Asiago, Pan-STARRS1, RANSSP, SkyMapper, XOSS, XTSS","PS16cru","1","1","","21.36","w-PS1","2016-06-05 13:46:50","Young"
"12563","AT 2016cta","21:58:33.64","-00:12:13.40","","","","","Pan-STARRS1","ATS, DAO_OTS, DES, GaiaAlerts, ISSP, KEGS, NUTS, OGLE, OOICLE, Padova-Asiago, Pan-STARRS1, RANSSP, SkyMapper, XOSS, XTSS","PS16crv","1","1","","19.43","w-PS1","2016-06-07 12:30:50","Young"
"12564","AT 2016ctb","13:07:45.22","-16:07:12.38","","","","","Pan-STARRS1","ATS, DAO_OTS, DES, GaiaAlerts, ISSP, KEGS, NUTS, OGLE, OOICLE, Padova-Asiago, Pan-STARRS1, RANSSP, SkyMapper, XOSS, XTSS","PS16crw","1","1","","21.12","w-PS1","2016-06-08 06:59:45","Young"
"12565","AT 2016ctc","13:08:04.34","+11:56:25.12","","","","","Pan-STARRS1","ATS, DAO_OTS, DES, GaiaAlerts, ISSP, KEGS, NUTS, OGLE, OOICLE, Padova-Asiago, Pan-STARRS1, RANSSP, SkyMapper, XOSS, XTSS","PS16crx","1","1","","18.41","w-PS1","2016-06-08 08:01:30","Young"
"12566","AT 2016ctd","13:12:15.00","+01:24:35.27","","","","","Pan-STARRS1","ATS, DAO_OTS, DES, GaiaAlerts, ISSP, KEGS, NUTS, OGLE, OOICLE, Padova-Asiago, Pan-STARRS1, RANSSP, SkyMapper, XOSS, XTSS","PS16cry","1","1","","20.82","w-PS1","2016-06-09 06:31:33","Young"
"12567","AT 2016cte","13:23:22.57","-17:35:01.48","","","","","Pan-STARRS1","ATS, DAO_OTS, DES, GaiaAlerts, ISSP, KEGS, NUTS, OGLE, OOICLE, Padova-Asiago, Pan-STARRS1, RANSSP, SkyMapper, XOSS, XTSS","PS16crz","1","1","","19.43","w-PS1","2016-06-08 07:04:23","Young"
"12568","AT 2016ctf","13:35:11.62","-00:17:06.06","","","","","Pan-STARRS1","ATS, DAO_OTS, DES, GaiaAlerts, ISSP, KEGS, NUTS, OGLE, OOICLE, Padova-Asiago, Pan-STARRS1, RANSSP, SkyMapper, XOSS, XTSS","PS16csb","1","1","","20.47","w-PS1","2016-06-09 06:33:26","Young"
"12569","AT 2016ctg","13:42:52.62","+03:39:47.60","","","","","Pan-STARRS1","ATS, DAO_OTS, DES, GaiaAlerts, ISSP, KEGS, NUTS, OGLE, OOICLE, Padova-Asiago, Pan-STARRS1, RANSSP, SkyMapper, XOSS, XTSS","PS16csc","1","1","","21.26","w-PS1","2016-06-09 06:34:31","Young"
"12570","AT 2016cth","20:54:22.27","-09:25:02.44","","","","","Pan-STARRS1","ATS, DAO_OTS, DES, GaiaAlerts, ISSP, KEGS, NUTS, OGLE, OOICLE, Padova-Asiago, Pan-STARRS1, RANSSP, SkyMapper, XOSS, XTSS","PS16csd","1","1","","21.35","w-PS1","2016-06-08 12:55:30","Young"
"12571","AT 2016cti","14:34:33.33","+25:36:28.12","","","","","Pan-STARRS1","ATS, DAO_OTS, DES, GaiaAlerts, ISSP, KEGS, NUTS, OGLE, OOICLE, Padova-Asiago, Pan-STARRS1, RANSSP, SkyMapper, XOSS, XTSS","PS16cse","1","1","","19.56","r-Sloan","2016-06-10 09:22:33","Young"
"12572","AT 2016ctj","15:00:04.92","+25:28:59.79","","","","","Pan-STARRS1","ATS, DAO_OTS, DES, GaiaAlerts, ISSP, KEGS, NUTS, OGLE, OOICLE, Padova-Asiago, Pan-STARRS1, RANSSP, SkyMapper, XOSS, XTSS","PS16csf","1","1","","20.69","r-Sloan","2016-06-10 09:44:48","Young"
"12573","AT 2016ctk","15:05:30.55","+08:58:22.39","","","","","Pan-STARRS1","ATS, DAO_OTS, DES, GaiaAlerts, ISSP, KEGS, NUTS, OGLE, OOICLE, Padova-Asiago, Pan-STARRS1, RANSSP, SkyMapper, XOSS, XTSS","PS16csg","1","1","","20.21","r-Sloan","2016-06-10 06:20:54","Young"
"12574","AT 2016ctl","15:27:00.18","+16:12:05.55","","","","","Pan-STARRS1","ATS, DAO_OTS, DES, GaiaAlerts, ISSP, KEGS, NUTS, OGLE, OOICLE, Padova-Asiago, Pan-STARRS1, RANSSP, SkyMapper, XOSS, XTSS","PS16csh","1","1","","19.3","r-Sloan","2016-06-10 07:15:33","Young"
"12575","AT 2016ctm","14:05:49.07","-26:10:17.34","","","","","Pan-STARRS1","ATS, DAO_OTS, DES, GaiaAlerts, ISSP, KEGS, NUTS, OGLE, OOICLE, Padova-Asiago, Pan-STARRS1, RANSSP, SkyMapper, XOSS, XTSS","PS16csi","1","1","","20.22","i-Sloan","2016-06-11 06:31:50","Young"
"12576","AT 2016ctn","14:32:20.82","-28:42:45.01","","","","","Pan-STARRS1","ATS, DAO_OTS, DES, GaiaAlerts, ISSP, KEGS, NUTS, OGLE, OOICLE, Padova-Asiago, Pan-STARRS1, RANSSP, SkyMapper, XOSS, XTSS","PS16csk","1","1","","20.46","i-Sloan","2016-06-11 06:36:29","Young"
"12577","AT 2016cto","15:07:28.87","+06:05:13.79","","","","","Pan-STARRS1","ATS, DAO_OTS, DES, GaiaAlerts, ISSP, KEGS, NUTS, OGLE, OOICLE, Padova-Asiago, Pan-STARRS1, RANSSP, SkyMapper, XOSS, XTSS","PS16csl","1","1","","20.1","r-Sloan","2016-06-11 09:30:40","Young"
"12578","AT 2016ctp","16:58:37.92","+39:10:53.19","","","","","Pan-STARRS1","ATS, DAO_OTS, DES, GaiaAlerts, ISSP, KEGS, NUTS, OGLE, OOICLE, Padova-Asiago, Pan-STARRS1, RANSSP, SkyMapper, XOSS, XTSS","PS16csm","1","1","","20","r-Sloan","2016-05-27 08:57:40","Young"
"12579","AT 2016ctq","14:37:19.74","+28:40:17.17","","","","","Pan-STARRS1","ATS, DAO_OTS, DES, GaiaAlerts, ISSP, KEGS, NUTS, OGLE, OOICLE, Padova-Asiago, Pan-STARRS1, RANSSP, SkyMapper, XOSS, XTSS","PS16csn","1","1","","20.33","r-Sloan","2016-05-27 10:01:37","Young"
"12580","AT 2016ctr","16:09:05.70","+04:59:57.44","","","","","Pan-STARRS1","ATS, DAO_OTS, DES, GaiaAlerts, ISSP, KEGS, NUTS, OGLE, OOICLE, Padova-Asiago, Pan-STARRS1, RANSSP, SkyMapper, XOSS, XTSS","PS16cso","1","1","","20.42","r-Sloan","2016-05-27 11:03:04","Young"
"12581","AT 2016cts","19:57:22.56","-30:07:08.70","","","","","Pan-STARRS1","ATS, DAO_OTS, DES, GaiaAlerts, ISSP, KEGS, NUTS, OGLE, OOICLE, Padova-Asiago, Pan-STARRS1, RANSSP, SkyMapper, XOSS, XTSS","PS16csp","1","1","","19.79","w-PS1","2016-06-01 14:10:13","Young"
"12582","AT 2016ctt","14:40:59.29","+01:49:59.06","","","","","Pan-STARRS1","ATS, DAO_OTS, DES, GaiaAlerts, ISSP, KEGS, NUTS, OGLE, OOICLE, Padova-Asiago, Pan-STARRS1, RANSSP, SkyMapper, XOSS, XTSS","PS16csq","1","1","","20.83","w-PS1","2016-06-03 08:38:47","Young"
"12583","AT 2016ctu","12:17:51.41","-21:35:30.51","","","","","Pan-STARRS1","ATS, DAO_OTS, DES, GaiaAlerts, ISSP, KEGS, NUTS, OGLE, OOICLE, Padova-Asiago, Pan-STARRS1, RANSSP, SkyMapper, XOSS, XTSS","PS16csr","1","1","","20.54","w-PS1","2016-06-05 06:29:28","Young"
"12584","AT 2016ctv","21:24:40.54","+04:22:53.62","","","","","Pan-STARRS1","ATS, DAO_OTS, DES, GaiaAlerts, ISSP, KEGS, NUTS, OGLE, OOICLE, Padova-Asiago, Pan-STARRS1, RANSSP, SkyMapper, XOSS, XTSS","PS16css","1","1","","20.48","w-PS1","2016-06-05 13:25:42","Young"
"12585","AT 2016ctw","21:47:20.85","+03:28:01.75","","","","","Pan-STARRS1","ATS, DAO_OTS, DES, GaiaAlerts, ISSP, KEGS, NUTS, OGLE, OOICLE, Padova-Asiago, Pan-STARRS1, RANSSP, SkyMapper, XOSS, XTSS","PS16cst","1","1","","21.57","w-PS1","2016-06-05 13:32:32","Young"
"12586","AT 2016ctx","21:14:37.70","-02:46:48.62","","","","","Pan-STARRS1","ATS, DAO_OTS, DES, GaiaAlerts, ISSP, KEGS, NUTS, OGLE, OOICLE, Padova-Asiago, Pan-STARRS1, RANSSP, SkyMapper, XOSS, XTSS","PS16csu","1","1","","20.86","w-PS1","2016-06-07 12:18:46","Young"
"12587","AT 2016cty","21:16:08.49","-03:25:57.14","","","","","Pan-STARRS1","ATS, DAO_OTS, DES, GaiaAlerts, ISSP, KEGS, NUTS, OGLE, OOICLE, Padova-Asiago, Pan-STARRS1, RANSSP, SkyMapper, XOSS, XTSS","PS16csv","1","1","","20.92","w-PS1","2016-06-07 12:18:46","Young"
"12588","AT 2016ctz","21:18:47.30","-01:18:34.32","","","","","Pan-STARRS1","ATS, DAO_OTS, DES, GaiaAlerts, ISSP, KEGS, NUTS, OGLE, OOICLE, Padova-Asiago, Pan-STARRS1, RANSSP, SkyMapper, XOSS, XTSS","PS16csw","1","1","","20.83","w-PS1","2016-06-07 12:18:46","Young"
"12589","AT 2016cua","21:25:16.89","-00:58:34.49","","","","","Pan-STARRS1","ATS, DAO_OTS, DES, GaiaAlerts, ISSP, KEGS, NUTS, OGLE, OOICLE, Padova-Asiago, Pan-STARRS1, RANSSP, SkyMapper, XOSS, XTSS","PS16csx","1","1","","21.27","w-PS1","2016-06-07 12:23:24","Young"
"12590","AT 2016cub","21:25:18.91","-08:13:15.39","","","","","Pan-STARRS1","ATS, DAO_OTS, DES, GaiaAlerts, ISSP, KEGS, NUTS, OGLE, OOICLE, Padova-Asiago, Pan-STARRS1, RANSSP, SkyMapper, XOSS, XTSS","PS16csy","1","1","","20.96","w-PS1","2016-06-07 12:21:33","Young"
"12591","AT 2016cuc","12:58:10.35","+00:09:08.73","","","","","Pan-STARRS1","ATS, DAO_OTS, DES, GaiaAlerts, ISSP, KEGS, NUTS, OGLE, OOICLE, Padova-Asiago, Pan-STARRS1, RANSSP, SkyMapper, XOSS, XTSS","PS16csz","1","1","","21.05","w-PS1","2016-06-09 06:21:52","Young"
"12592","AT 2016cud","13:20:10.93","-17:54:32.73","","","","","Pan-STARRS1","ATS, DAO_OTS, DES, GaiaAlerts, ISSP, KEGS, NUTS, OGLE, OOICLE, Padova-Asiago, Pan-STARRS1, RANSSP, SkyMapper, XOSS, XTSS","PS16cta","1","1","","20.93","w-PS1","2016-06-08 07:03:27","Young"
"12593","AT 2016cue","13:25:56.11","-19:38:10.06","","","","","Pan-STARRS1","ATS, DAO_OTS, DES, GaiaAlerts, ISSP, KEGS, NUTS, OGLE, OOICLE, Padova-Asiago, Pan-STARRS1, RANSSP, SkyMapper, XOSS, XTSS","PS16ctb","1","1","","20.37","w-PS1","2016-06-08 07:04:23","Young"
"12594","AT 2016cuf","13:37:04.58","-17:07:30.28","","","","","Pan-STARRS1","ATS, DAO_OTS, DES, GaiaAlerts, ISSP, KEGS, NUTS, OGLE, OOICLE, Padova-Asiago, Pan-STARRS1, RANSSP, SkyMapper, XOSS, XTSS","PS16ctc","1","1","","20.66","w-PS1","2016-06-08 07:06:14","Young"
"12595","AT 2016cug","13:37:13.16","+04:32:38.71","","","","","Pan-STARRS1","ATS, DAO_OTS, DES, GaiaAlerts, ISSP, KEGS, NUTS, OGLE, OOICLE, Padova-Asiago, Pan-STARRS1, RANSSP, SkyMapper, XOSS, XTSS","PS16ctd","1","1","","20.27","w-PS1","2016-06-09 06:34:31","Young"
"12596","AT 2016cuh","13:37:24.51","+01:09:03.75","","","","","Pan-STARRS1","ATS, DAO_OTS, DES, GaiaAlerts, ISSP, KEGS, NUTS, OGLE, OOICLE, Padova-Asiago, Pan-STARRS1, RANSSP, SkyMapper, XOSS, XTSS","PS16cte","1","1","","21.23","w-PS1","2016-06-09 06:33:26","Young"
"12597","AT 2016cui","13:43:29.43","+03:06:47.51","","","","","Pan-STARRS1","ATS, DAO_OTS, DES, GaiaAlerts, ISSP, KEGS, NUTS, OGLE, OOICLE, Padova-Asiago, Pan-STARRS1, RANSSP, SkyMapper, XOSS, XTSS","PS16ctf","1","1","","21.19","w-PS1","2016-06-09 06:34:31","Young"
"12598","AT 2016cuj","13:43:53.99","+07:12:58.75","","","","","Pan-STARRS1","ATS, DAO_OTS, DES, GaiaAlerts, ISSP, KEGS, NUTS, OGLE, OOICLE, Padova-Asiago, Pan-STARRS1, RANSSP, SkyMapper, XOSS, XTSS","PS16ctg","1","1","","21.08","w-PS1","2016-06-08 08:13:34","Young"
"12599","AT 2016cuk","13:48:16.85","-18:33:43.12","","","","","Pan-STARRS1","ATS, DAO_OTS, DES, GaiaAlerts, ISSP, KEGS, NUTS, OGLE, OOICLE, Padova-Asiago, Pan-STARRS1, RANSSP, SkyMapper, XOSS, XTSS","PS16cth","1","1","","20.87","w-PS1","2016-06-08 07:07:10","Young"
"12600","AT 2016cul","13:48:23.97","-18:31:50.89","","","","","Pan-STARRS1","ATS, DAO_OTS, DES, GaiaAlerts, ISSP, KEGS, NUTS, OGLE, OOICLE, Padova-Asiago, Pan-STARRS1, RANSSP, SkyMapper, XOSS, XTSS","PS16cti","1","1","","19.46","w-PS1","2016-06-08 07:07:10","Young"
"12601","AT 2016cum","13:52:43.57","+09:05:16.28","","","","","Pan-STARRS1","ATS, DAO_OTS, DES, GaiaAlerts, ISSP, KEGS, NUTS, OGLE, OOICLE, Padova-Asiago, Pan-STARRS1, RANSSP, SkyMapper, XOSS, XTSS","PS16ctj","1","1","","20.3","w-PS1","2016-06-08 08:15:34","Young"
"12602","AT 2016cun","13:58:43.11","-22:18:12.39","","","","","Pan-STARRS1","ATS, DAO_OTS, DES, GaiaAlerts, ISSP, KEGS, NUTS, OGLE, OOICLE, Padova-Asiago, Pan-STARRS1, RANSSP, SkyMapper, XOSS, XTSS","PS16ctk","1","1","","20.51","w-PS1","2016-06-08 07:09:00","Young"
"12603","AT 2016cuo","14:00:18.28","+05:28:26.79","","","","","Pan-STARRS1","ATS, DAO_OTS, DES, GaiaAlerts, ISSP, KEGS, NUTS, OGLE, OOICLE, Padova-Asiago, Pan-STARRS1, RANSSP, SkyMapper, XOSS, XTSS","PS16ctl","1","1","","20.59","w-PS1","2016-06-09 06:36:24","Young"
"12604","AT 2016cup","20:29:55.54","-12:10:56.00","","","","","Pan-STARRS1","ATS, DAO_OTS, DES, GaiaAlerts, ISSP, KEGS, NUTS, OGLE, OOICLE, Padova-Asiago, Pan-STARRS1, RANSSP, SkyMapper, XOSS, XTSS","PS16ctm","1","1","","21.22","w-PS1","2016-06-08 12:48:44","Young"
"12605","AT 2016cuq","20:43:49.79","-15:40:11.98","","","","","Pan-STARRS1","ATS, DAO_OTS, DES, GaiaAlerts, ISSP, KEGS, NUTS, OGLE, OOICLE, Padova-Asiago, Pan-STARRS1, RANSSP, SkyMapper, XOSS, XTSS","PS16ctn","1","1","","20.68","w-PS1","2016-06-08 12:59:14","Young"
"12606","AT 2016cur","15:15:53.72","+15:57:38.65","","","","","Pan-STARRS1","ATS, DAO_OTS, DES, GaiaAlerts, ISSP, KEGS, NUTS, OGLE, OOICLE, Padova-Asiago, Pan-STARRS1, RANSSP, SkyMapper, XOSS, XTSS","PS16cto","1","1","","21.01","r-Sloan","2016-06-10 07:14:37","Young"
"12607","AT 2016cus","15:46:46.72","+12:35:37.61","","","","","Pan-STARRS1","ATS, DAO_OTS, DES, GaiaAlerts, ISSP, KEGS, NUTS, OGLE, OOICLE, Padova-Asiago, Pan-STARRS1, RANSSP, SkyMapper, XOSS, XTSS","PS16ctp","1","1","","20.7","r-Sloan","2016-06-10 07:19:16","Young"
"12608","AT 2016cut","14:48:19.36","-28:00:15.24","","","","","Pan-STARRS1","ATS, DAO_OTS, DES, GaiaAlerts, ISSP, KEGS, NUTS, OGLE, OOICLE, Padova-Asiago, Pan-STARRS1, RANSSP, SkyMapper, XOSS, XTSS","PS16ctq","1","1","","19.21","i-Sloan","2016-06-11 06:41:07","Young"
"12609","AT 2016cuu","13:26:00.45","+04:05:39.28","","","","","Pan-STARRS1","ATS, DAO_OTS, DES, GaiaAlerts, ISSP, KEGS, NUTS, OGLE, OOICLE, Padova-Asiago, Pan-STARRS1, RANSSP, SkyMapper, XOSS, XTSS","PS16csa","1","1","","18.69","r-Sloan","2016-04-26 00:00:00","Young"
"12610","AT 2016cuv","16:19:14.74","+40:25:14.10","","","SDSS J161914.64+402512.8","","TNTS","ATS, DAO_OTS, DES, GaiaAlerts, ISSP, KEGS, NUTS, OGLE, OOICLE, Padova-Asiago, Pan-STARRS1, RANSSP, SkyMapper, TNTS, XOSS, XTSS","","1","1","","18.5","Clear-","2016-06-10 14:32:57","Li"
"12611","AT 2016cuw","17:31:08.12","+79:12:30.37","","","","","Pan-STARRS1","ATS, DAO_OTS, DES, GaiaAlerts, ISSP, KEGS, NUTS, OGLE, OOICLE, Padova-Asiago, Pan-STARRS1, RANSSP, SkyMapper, XOSS, XTSS","PS16ctr","1","1","","19.9","r-Sloan","2016-05-27 12:16:16","Young"
"12612","AT 2016cux","18:42:24.56","+27:39:08.60","","","","","Pan-STARRS1","ATS, DAO_OTS, DES, GaiaAlerts, ISSP, KEGS, NUTS, OGLE, OOICLE, Padova-Asiago, Pan-STARRS1, RANSSP, SkyMapper, XOSS, XTSS","PS16cts","1","1","","19.9","r-Sloan","2016-05-27 13:53:03","Young"
"12613","AT 2016cuy","16:36:24.98","+08:55:21.24","","","","","Pan-STARRS1","ATS, DAO_OTS, DES, GaiaAlerts, ISSP, KEGS, NUTS, OGLE, OOICLE, Padova-Asiago, Pan-STARRS1, RANSSP, SkyMapper, XOSS, XTSS","PS16ctt","1","1","","20.43","r-Sloan","2016-05-30 11:47:27","Young"
"12614","AT 2016cuz","14:45:08.61","+03:51:06.94","","","","","Pan-STARRS1","ATS, DAO_OTS, DES, GaiaAlerts, ISSP, KEGS, NUTS, OGLE, OOICLE, Padova-Asiago, Pan-STARRS1, RANSSP, SkyMapper, XOSS, XTSS","PS16ctu","1","1","","21.67","w-PS1","2016-06-03 08:36:56","Young"
"12615","AT 2016cva","15:34:23.22","+11:19:00.64","","","","","Pan-STARRS1","ATS, DAO_OTS, DES, GaiaAlerts, ISSP, KEGS, NUTS, OGLE, OOICLE, Padova-Asiago, Pan-STARRS1, RANSSP, SkyMapper, XOSS, XTSS","PS16ctv","1","1","","21.21","w-PS1","2016-06-03 07:27:40","Young"
"12616","AT 2016cvb","15:41:44.60","+10:08:36.94","","","","","Pan-STARRS1","ATS, DAO_OTS, DES, GaiaAlerts, ISSP, KEGS, NUTS, OGLE, OOICLE, Padova-Asiago, Pan-STARRS1, RANSSP, SkyMapper, XOSS, XTSS","PS16ctw","1","1","","21.31","w-PS1","2016-06-03 07:29:39","Young"
"12617","AT 2016cvc","15:47:38.93","+10:02:57.44","","","","","Pan-STARRS1","ATS, DAO_OTS, DES, GaiaAlerts, ISSP, KEGS, NUTS, OGLE, OOICLE, Padova-Asiago, Pan-STARRS1, RANSSP, SkyMapper, XOSS, XTSS","PS16ctx","1","1","","21.38","w-PS1","2016-06-03 07:34:21","Young"
"12618","AT 2016cvd","16:18:03.00","+06:42:56.47","","","","","Pan-STARRS1","ATS, DAO_OTS, DES, GaiaAlerts, ISSP, KEGS, NUTS, OGLE, OOICLE, Padova-Asiago, Pan-STARRS1, RANSSP, SkyMapper, XOSS, XTSS","PS16cty","1","1","","21.74","w-PS1","2016-06-03 11:13:04","Young"
"12619","AT 2016cve","12:46:25.81","-17:11:17.36","","","","","Pan-STARRS1","ATS, DAO_OTS, DES, GaiaAlerts, ISSP, KEGS, NUTS, OGLE, OOICLE, Padova-Asiago, Pan-STARRS1, RANSSP, SkyMapper, XOSS, XTSS","PS16ctz","1","1","","20.64","w-PS1","2016-06-05 06:33:11","Young"
"12620","AT 2016cvf","21:29:33.34","-00:30:50.57","","","","","Pan-STARRS1","ATS, DAO_OTS, DES, GaiaAlerts, ISSP, KEGS, NUTS, OGLE, OOICLE, Padova-Asiago, Pan-STARRS1, RANSSP, SkyMapper, XOSS, XTSS","PS16cua","1","1","","21.53","w-PS1","2016-06-05 13:48:42","Young"
"12621","AT 2016cvg","21:35:31.53","+01:09:15.23","","","","","Pan-STARRS1","ATS, DAO_OTS, DES, GaiaAlerts, ISSP, KEGS, NUTS, OGLE, OOICLE, Padova-Asiago, Pan-STARRS1, RANSSP, SkyMapper, XOSS, XTSS","PS16cub","1","1","","20.93","w-PS1","2016-06-05 13:30:30","Young"
"12622","AT 2016cvh","21:37:22.67","+05:48:35.28","","","","","Pan-STARRS1","ATS, DAO_OTS, DES, GaiaAlerts, ISSP, KEGS, NUTS, OGLE, OOICLE, Padova-Asiago, Pan-STARRS1, RANSSP, SkyMapper, XOSS, XTSS","PS16cuc","1","1","","20.14","w-PS1","2016-06-05 13:27:34","Young"
"12623","AT 2016cvi","20:59:07.29","+11:08:51.30","","","CGCG 425-028","0.031","PTSS","ATS, DAO_OTS, DES, GaiaAlerts, ISSP, KEGS, NUTS, OGLE, OOICLE, Padova-Asiago, Pan-STARRS1, PTSS, RANSSP, SkyMapper, XOSS, XTSS","PTSS-16hwd","1","1","","19","r-Sloan","2016-06-12 19:32:18","Li"
"12624","AT 2016cvj","16:32:59.22","+31:57:43.27","","","","","ATLAS","ATLAS, ATS, DAO_OTS, DES, GaiaAlerts, ISSP, KEGS, NUTS, OGLE, OOICLE, Padova-Asiago, Pan-STARRS1, RANSSP, SkyMapper, XOSS, XTSS","ATLAS16beo","1","1","","19.01","cyan-ATLAS","2016-06-07 10:06:14","ATLAS_Bot1"
"12625","AT 2016cvk","22:19:49.39","-40:40:03.20","","","ESO-344-G21","","BOSS","ATS, BOSS, DAO_OTS, DES, GaiaAlerts, ISSP, KEGS, NUTS, OGLE, OOICLE, Padova-Asiago, Pan-STARRS1, PESSTO, RANSSP, SkyMapper, XOSS, XTSS","","1","1","","17.6","Other-","2016-06-12 15:18:54","Parker"
"12626","AT 2016cvl","14:41:46.60","+19:15:06.66","","","CGCG 104-069","0.030608","ASAS-SN","ASAS-SN, ATS, DAO_OTS, DES, GaiaAlerts, ISSP, KEGS, NUTS, OGLE, OOICLE, Padova-Asiago, Pan-STARRS1, RANSSP, SkyMapper, XOSS, XTSS","ASASSN-16gf","1","1","","17.5","V-Johnson","2016-06-05 10:48:00","Brown"
"12627","AT 2016cvm","18:38:37.55","+41:31:40.87","","","2MASX J18383792+4131473","","PTSS","ATS, DAO_OTS, DES, GaiaAlerts, ISSP, KEGS, NUTS, OGLE, OOICLE, Padova-Asiago, Pan-STARRS1, PTSS, RANSSP, SkyMapper, XOSS, XTSS","PTSS-16hxs","1","1","","18.7","r-Sloan","2016-06-13 18:29:37","Li"
"12628","AT 2016cvn","12:49:41.36","-11:05:34.40","","","","","ATLAS","ATLAS, ATS, DAO_OTS, DES, GaiaAlerts, ISSP, KEGS, NUTS, OGLE, OOICLE, Padova-Asiago, Pan-STARRS1, RANSSP, SkyMapper, XOSS, XTSS","ATLAS16bdg","1","1","","17.97","cyan-ATLAS","2016-06-05 07:24:57","ATLAS_Bot1"
"12629","AT 2016cvo","14:25:37.16","-17:11:00.74","","","","","ATLAS","ATLAS, ATS, DAO_OTS, DES, GaiaAlerts, ISSP, KEGS, NUTS, OGLE, OOICLE, Padova-Asiago, Pan-STARRS1, RANSSP, SkyMapper, XOSS, XTSS","ATLAS16bes","1","1","","18.66","cyan-ATLAS","2016-06-09 08:31:12","ATLAS_Bot1"
"12630","AT 2016cvp","17:02:46.48","-20:20:48.46","","","","","Pan-STARRS1","ATS, DAO_OTS, DES, GaiaAlerts, ISSP, KEGS, NUTS, OGLE, OOICLE, Padova-Asiago, Pan-STARRS1, RANSSP, SkyMapper, XOSS, XTSS","PS16cud","1","1","","19.55","r-Sloan","2016-06-13 09:18:47","Young"
"12631","AT 2016cvq","21:03:18.58","-25:00:59.08","","","","","Pan-STARRS1","ATS, DAO_OTS, DES, GaiaAlerts, ISSP, KEGS, NUTS, OGLE, OOICLE, Padova-Asiago, Pan-STARRS1, RANSSP, SkyMapper, XOSS, XTSS","PS16cue","1","1","","21.15","w-PS1","2016-06-13 13:17:10","Young"
"12632","AT 2016cvr","21:15:07.56","-23:40:58.17","","","","","Pan-STARRS1","ATS, DAO_OTS, DES, GaiaAlerts, ISSP, KEGS, NUTS, OGLE, OOICLE, Padova-Asiago, Pan-STARRS1, RANSSP, SkyMapper, XOSS, XTSS","PS16cuf","1","1","","20.83","w-PS1","2016-06-13 13:23:19","Young"
"12633","AT 2016cvs","21:31:52.00","-23:17:53.64","","","","","Pan-STARRS1","ATS, DAO_OTS, DES, GaiaAlerts, ISSP, KEGS, NUTS, OGLE, OOICLE, Padova-Asiago, Pan-STARRS1, RANSSP, SkyMapper, XOSS, XTSS","PS16cug","1","1","","21.22","w-PS1","2016-06-13 13:24:15","Young"
"12634","AT 2016cvt","21:55:44.77","-30:09:32.84","","","","","Pan-STARRS1","ATS, DAO_OTS, DES, GaiaAlerts, ISSP, KEGS, NUTS, OGLE, OOICLE, Padova-Asiago, Pan-STARRS1, RANSSP, SkyMapper, XOSS, XTSS","PS16cuh","1","1","","20.74","w-PS1","2016-06-13 13:30:10","Young"
"12635","AT 2016cvu","12:11:02.81","+12:06:14.94","","","IC 767","0.006318","SNHunt","ATS, CRTS, DAO_OTS, DES, GaiaAlerts, ISSP, KEGS, NUTS, OGLE, OOICLE, Padova-Asiago, Pan-STARRS1, RANSSP, SkyMapper, SNHunt, XOSS, XTSS","SNhunt320","1","1","","17.7","V-crts-CRTS","2016-06-16 04:37:25","Drake"